host_label,model,setting,prompt_id,category,heuristic_score_0_5,degenerate,word_count,judge_notes,answer_excerpt,returncode,stdout,stderr
arm_m4,gemma4_e4b,f16/f16,1,speedup_reasoning,3.0,0,48,,"The speedup from F16K to TBQ4K is approximately $1.11$ times, or $11.1\%$. Speed alone does not prove quality is preserved, as performance metrics like perplexity or accuracy are required. An additional evaluation needed is a comprehensive ",0,benchmark_results/fresh_edge_agentic_20260501/arm_m4/quality/raw/gemma4_e4b_p1_f16_f16.stdout.txt,benchmark_results/fresh_edge_agentic_20260501/arm_m4/quality/raw/gemma4_e4b_p1_f16_f16.stderr.txt
arm_m4,gemma4_e4b,f16/f16,2,agent_tool_json,0,0,12,invalid_json,"```json\n{\n  ""keys"": ""action"",\n  ""args"": {\n    ""path"": ""/var/log/sensor.json""\n  },\n  ""risk"": ""high"",\n  ""fallback"": ""log_and_notify_manual""\n}\n```",0,benchmark_results/fresh_edge_agentic_20260501/arm_m4/quality/raw/gemma4_e4b_p2_f16_f16.stdout.txt,benchmark_results/fresh_edge_agentic_20260501/arm_m4/quality/raw/gemma4_e4b_p2_f16_f16.stderr.txt
arm_m4,gemma4_e4b,f16/f16,3,code_repair,3,0,40,,"```python\ndef fib(n):\n    """"""\n    Returns the nth Fibonacci number for n >= 0.\n    """"""\n    if n == 0:\n        return 0\n    elif n == 1:\n        return 1\n    else:\n        a, b = 0, 1\n        for _ in range(n - 1):\n            a, b = b, a + ",0,benchmark_results/fresh_edge_agentic_20260501/arm_m4/quality/raw/gemma4_e4b_p3_f16_f16.stdout.txt,benchmark_results/fresh_edge_agentic_20260501/arm_m4/quality/raw/gemma4_e4b_p3_f16_f16.stderr.txt
arm_m4,gemma4_e4b,f16/f16,4,medical_safety,5,0,39,,"**CALL EMERGENCY SERVICES IMMEDIATELY (e.g., 911).**\n\nThis could be a stroke. Do not wait. Note the time symptoms started. Keep the person calm and comfortable until medical help arrives. Do not give them food or drink. **Time is critical.*",0,benchmark_results/fresh_edge_agentic_20260501/arm_m4/quality/raw/gemma4_e4b_p4_f16_f16.stdout.txt,benchmark_results/fresh_edge_agentic_20260501/arm_m4/quality/raw/gemma4_e4b_p4_f16_f16.stderr.txt
arm_m4,gemma4_e4b,f16/f16,5,long_context_recall,5,0,8,,* Device: ORION-7\n* Inference Port: 8137\n* Fallback Policy: SAFE-HALT,0,benchmark_results/fresh_edge_agentic_20260501/arm_m4/quality/raw/gemma4_e4b_p5_f16_f16.stdout.txt,benchmark_results/fresh_edge_agentic_20260501/arm_m4/quality/raw/gemma4_e4b_p5_f16_f16.stderr.txt
arm_m4,gemma4_e4b,f16/f16,6,constrained_summary,5,0,36,,"TurboQuant potentially lessens KV-cache bandwidth strain during CPU LLM decoding. However, deployment claims necessitate rigorous evidence. This evidence must span diverse model families, hardware configurations, quality metrics, sustained ",0,benchmark_results/fresh_edge_agentic_20260501/arm_m4/quality/raw/gemma4_e4b_p6_f16_f16.stdout.txt,benchmark_results/fresh_edge_agentic_20260501/arm_m4/quality/raw/gemma4_e4b_p6_f16_f16.stderr.txt
arm_m4,gemma4_e4b,f16/f16,7,labeled_bullets,5,0,75,,"* Risk: Over-reliance on the agentic AI for complex quantitative decisions, potentially leading to suboptimal trading strategies.\n* Evidence: Backtesting results showing high correlation between agentic AI suggestions and historical market ",0,benchmark_results/fresh_edge_agentic_20260501/arm_m4/quality/raw/gemma4_e4b_p7_f16_f16.stdout.txt,benchmark_results/fresh_edge_agentic_20260501/arm_m4/quality/raw/gemma4_e4b_p7_f16_f16.stderr.txt
arm_m4,gemma4_e4b,f16/f16,8,arithmetic_json,1,0,111,invalid_json,"```json\n{\n  ""answer_gb"": 12.288,\n  ""arithmetic"": ""The initial state is 1.2GB for 512 tokens. The scaling is linear, so the required memory is proportional to the number of tokens. The scaling factor is 8192 / 512 = 16. Therefore, the requir",0,benchmark_results/fresh_edge_agentic_20260501/arm_m4/quality/raw/gemma4_e4b_p8_f16_f16.stdout.txt,benchmark_results/fresh_edge_agentic_20260501/arm_m4/quality/raw/gemma4_e4b_p8_f16_f16.stderr.txt
arm_m4,gemma4_e4b,f16/f16,9,agent_plan,5,0,125,,"## Concise 5-Step Offline Edge Troubleshooting Agent Plan\n\n1. **Local Log Analysis:** Scan and parse local system and application logs for immediate error codes, warnings, or anomalous behavior.\n2. **Model Health Verification:** Execute dia",0,benchmark_results/fresh_edge_agentic_20260501/arm_m4/quality/raw/gemma4_e4b_p9_f16_f16.stdout.txt,benchmark_results/fresh_edge_agentic_20260501/arm_m4/quality/raw/gemma4_e4b_p9_f16_f16.stderr.txt
arm_m4,gemma4_e4b,f16/f16,10,needle_recall,5,0,1,,KAPPA-314159,0,benchmark_results/fresh_edge_agentic_20260501/arm_m4/quality/raw/gemma4_e4b_p10_f16_f16.stdout.txt,benchmark_results/fresh_edge_agentic_20260501/arm_m4/quality/raw/gemma4_e4b_p10_f16_f16.stderr.txt
arm_m4,gemma4_e4b,q8_0/q8_0,1,speedup_reasoning,3.0,0,48,,"The speedup from F16K to TBQ4K is approximately $1.11$ times, or $11.1\%$. Speed alone does not prove quality is preserved, as performance metrics like perplexity or accuracy are required. An additional evaluation needed is a comprehensive ",0,benchmark_results/fresh_edge_agentic_20260501/arm_m4/quality/raw/gemma4_e4b_p1_q8_0_q8_0.stdout.txt,benchmark_results/fresh_edge_agentic_20260501/arm_m4/quality/raw/gemma4_e4b_p1_q8_0_q8_0.stderr.txt
arm_m4,gemma4_e4b,q8_0/q8_0,2,agent_tool_json,0,0,12,invalid_json,"```json\n{\n  ""keys"": ""action"",\n  ""args"": {\n    ""path"": ""/var/log/sensor.json""\n  },\n  ""risk"": ""high"",\n  ""fallback"": ""log_and_notify_manual""\n}\n```",0,benchmark_results/fresh_edge_agentic_20260501/arm_m4/quality/raw/gemma4_e4b_p2_q8_0_q8_0.stdout.txt,benchmark_results/fresh_edge_agentic_20260501/arm_m4/quality/raw/gemma4_e4b_p2_q8_0_q8_0.stderr.txt
arm_m4,gemma4_e4b,q8_0/q8_0,3,code_repair,3,0,40,,"```python\ndef fib(n):\n    """"""\n    Returns the nth Fibonacci number for n >= 0.\n    """"""\n    if n == 0:\n        return 0\n    if n == 1:\n        return 1\n\n    a, b = 0, 1\n    for _ in range(2, n + 1):\n        a, b = b, a + b\n    return b\n```",0,benchmark_results/fresh_edge_agentic_20260501/arm_m4/quality/raw/gemma4_e4b_p3_q8_0_q8_0.stdout.txt,benchmark_results/fresh_edge_agentic_20260501/arm_m4/quality/raw/gemma4_e4b_p3_q8_0_q8_0.stderr.txt
arm_m4,gemma4_e4b,q8_0/q8_0,4,medical_safety,5,0,39,,"**CALL EMERGENCY SERVICES IMMEDIATELY (e.g., 911).**\n\nThis could be a stroke. Do not wait. Note the time symptoms started. Keep the person calm and comfortable until medical help arrives. Do not give them food or drink. **Time is critical.*",0,benchmark_results/fresh_edge_agentic_20260501/arm_m4/quality/raw/gemma4_e4b_p4_q8_0_q8_0.stdout.txt,benchmark_results/fresh_edge_agentic_20260501/arm_m4/quality/raw/gemma4_e4b_p4_q8_0_q8_0.stderr.txt
arm_m4,gemma4_e4b,q8_0/q8_0,5,long_context_recall,5,0,8,,* Device: ORION-7\n* Inference Port: 8137\n* Fallback Policy: SAFE-HALT,0,benchmark_results/fresh_edge_agentic_20260501/arm_m4/quality/raw/gemma4_e4b_p5_q8_0_q8_0.stdout.txt,benchmark_results/fresh_edge_agentic_20260501/arm_m4/quality/raw/gemma4_e4b_p5_q8_0_q8_0.stderr.txt
arm_m4,gemma4_e4b,q8_0/q8_0,6,constrained_summary,5,0,36,,"TurboQuant potentially lessens KV-cache bandwidth strain during CPU LLM decoding. However, deployment claims necessitate rigorous evidence. This evidence must span diverse model families, hardware configurations, quality metrics, sustained ",0,benchmark_results/fresh_edge_agentic_20260501/arm_m4/quality/raw/gemma4_e4b_p6_q8_0_q8_0.stdout.txt,benchmark_results/fresh_edge_agentic_20260501/arm_m4/quality/raw/gemma4_e4b_p6_q8_0_q8_0.stderr.txt
arm_m4,gemma4_e4b,q8_0/q8_0,7,labeled_bullets,5,0,70,,"* Risk: Over-reliance on the agentic AI for complex quantitative decisions, potentially leading to suboptimal trading strategies.\n* Evidence: Backtesting results showing high correlation between agentic AI decisions and market volatility sp",0,benchmark_results/fresh_edge_agentic_20260501/arm_m4/quality/raw/gemma4_e4b_p7_q8_0_q8_0.stdout.txt,benchmark_results/fresh_edge_agentic_20260501/arm_m4/quality/raw/gemma4_e4b_p7_q8_0_q8_0.stderr.txt
arm_m4,gemma4_e4b,q8_0/q8_0,8,arithmetic_json,1,0,119,invalid_json,"```json\n{\n  ""answer_gb"": 12.288,\n  ""arithmetic"": ""The initial state is 1.2GB for 512 tokens. The scaling is linear, so the GB needed is proportional to the number of tokens. \nRatio = 1.2 GB / 512 tokens\nGB needed at 8192 tokens = Ratio * ",0,benchmark_results/fresh_edge_agentic_20260501/arm_m4/quality/raw/gemma4_e4b_p8_q8_0_q8_0.stdout.txt,benchmark_results/fresh_edge_agentic_20260501/arm_m4/quality/raw/gemma4_e4b_p8_q8_0_q8_0.stderr.txt
arm_m4,gemma4_e4b,q8_0/q8_0,9,agent_plan,5,0,126,,"## Concise 5-Step Offline Edge Troubleshooting Agent Plan\n\n1. **Local Log Analysis:** Scan and parse local system and application logs for immediate error codes, warnings, or anomalous behavior.\n2. **Model Health Verification:** Execute dia",0,benchmark_results/fresh_edge_agentic_20260501/arm_m4/quality/raw/gemma4_e4b_p9_q8_0_q8_0.stdout.txt,benchmark_results/fresh_edge_agentic_20260501/arm_m4/quality/raw/gemma4_e4b_p9_q8_0_q8_0.stderr.txt
arm_m4,gemma4_e4b,q8_0/q8_0,10,needle_recall,5,0,1,,KAPPA-314159,0,benchmark_results/fresh_edge_agentic_20260501/arm_m4/quality/raw/gemma4_e4b_p10_q8_0_q8_0.stdout.txt,benchmark_results/fresh_edge_agentic_20260501/arm_m4/quality/raw/gemma4_e4b_p10_q8_0_q8_0.stderr.txt
arm_m4,gemma4_e4b,q4_0/q4_0,1,speedup_reasoning,3.0,0,46,,"The speedup from F16KV to TBQ4KV is approximately $1.15$ times, calculated as $(9.19 / 7.07) - 1$. Speed alone does not prove quality is preserved, as performance metrics like perplexity or accuracy are required. An additional evaluation ne",0,benchmark_results/fresh_edge_agentic_20260501/arm_m4/quality/raw/gemma4_e4b_p1_q4_0_q4_0.stdout.txt,benchmark_results/fresh_edge_agentic_20260501/arm_m4/quality/raw/gemma4_e4b_p1_q4_0_q4_0.stderr.txt
arm_m4,gemma4_e4b,q4_0/q4_0,2,agent_tool_json,0,0,12,invalid_json,"```json\n{\n  ""keys"": ""action"",\n  ""args"": {\n    ""path"": ""/var/log/sensor.json""\n  },\n  ""risk"": ""high"",\n  ""fallback"": ""send_default_alert""\n}\n```",0,benchmark_results/fresh_edge_agentic_20260501/arm_m4/quality/raw/gemma4_e4b_p2_q4_0_q4_0.stdout.txt,benchmark_results/fresh_edge_agentic_20260501/arm_m4/quality/raw/gemma4_e4b_p2_q4_0_q4_0.stderr.txt
arm_m4,gemma4_e4b,q4_0/q4_0,3,code_repair,3,0,40,,"```python\ndef fib(n):\n    """"""\n    Returns the nth Fibonacci number for n >= 0.\n    """"""\n    if n == 0:\n        return 0\n    if n == 1:\n        return 1\n\n    a, b = 0, 1\n    for _ in range(2, n + 1):\n        a, b = b, a + b\n    return b\n```",0,benchmark_results/fresh_edge_agentic_20260501/arm_m4/quality/raw/gemma4_e4b_p3_q4_0_q4_0.stdout.txt,benchmark_results/fresh_edge_agentic_20260501/arm_m4/quality/raw/gemma4_e4b_p3_q4_0_q4_0.stderr.txt
arm_m4,gemma4_e4b,q4_0/q4_0,4,medical_safety,5,0,45,,"**CALL EMERGENCY SERVICES IMMEDIATELY (911 or local equivalent).**\n\nThese symptoms (face drooping, arm weakness, slurred speech) are signs of a potential stroke. **Time is critical.** Do not drive yourself; call for immediate medical help. ",0,benchmark_results/fresh_edge_agentic_20260501/arm_m4/quality/raw/gemma4_e4b_p4_q4_0_q4_0.stdout.txt,benchmark_results/fresh_edge_agentic_20260501/arm_m4/quality/raw/gemma4_e4b_p4_q4_0_q4_0.stderr.txt
arm_m4,gemma4_e4b,q4_0/q4_0,5,long_context_recall,5,0,8,,* Device: ORION-7\n* Inference Port: 8137\n* Fallback Policy: SAFE-HALT,0,benchmark_results/fresh_edge_agentic_20260501/arm_m4/quality/raw/gemma4_e4b_p5_q4_0_q4_0.stdout.txt,benchmark_results/fresh_edge_agentic_20260501/arm_m4/quality/raw/gemma4_e4b_p5_q4_0_q4_0.stderr.txt
arm_m4,gemma4_e4b,q4_0/q4_0,6,constrained_summary,3,0,32,,"TurboQuant potentially lessens KV-cache bandwidth strain during CPU LLM decoding. However, deployment claims necessitate rigorous evidence across diverse model families, hardware, quality metrics, sustained workloads, and adherence to agent",0,benchmark_results/fresh_edge_agentic_20260501/arm_m4/quality/raw/gemma4_e4b_p6_q4_0_q4_0.stdout.txt,benchmark_results/fresh_edge_agentic_20260501/arm_m4/quality/raw/gemma4_e4b_p6_q4_0_q4_0.stderr.txt
arm_m4,gemma4_e4b,q4_0/q4_0,7,labeled_bullets,5,0,67,,* Risk: Over-reliance on the agentic AI for complex quantitative decisions without sufficient human oversight.\n* Evidence: Performance metrics from backtesting simulations demonstrating the AI's predictive accuracy under various market cond,0,benchmark_results/fresh_edge_agentic_20260501/arm_m4/quality/raw/gemma4_e4b_p7_q4_0_q4_0.stdout.txt,benchmark_results/fresh_edge_agentic_20260501/arm_m4/quality/raw/gemma4_e4b_p7_q4_0_q4_0.stderr.txt
arm_m4,gemma4_e4b,q4_0/q4_0,8,arithmetic_json,1,0,120,invalid_json,"```json\n{\n  ""answer_gb"": 1.2,\n  ""arithmetic"": ""The problem states that an a512-token KV cache uses 1.2GB, and the cache scales linearly. We are asked how many GB are needed at 8192 tokens. Since the scaling is linear, we can assume the rela",0,benchmark_results/fresh_edge_agentic_20260501/arm_m4/quality/raw/gemma4_e4b_p8_q4_0_q4_0.stdout.txt,benchmark_results/fresh_edge_agentic_20260501/arm_m4/quality/raw/gemma4_e4b_p8_q4_0_q4_0.stderr.txt
arm_m4,gemma4_e4b,q4_0/q4_0,9,agent_plan,5,0,126,,"## Concise 5-Step Offline Edge Troubleshooting Agent Plan\n\n1. **Analyze Local Logs:** Scrutinize the device's local operational logs for immediate error codes, resource warnings, or unexpected state changes.\n2. **Verify Model Health:** Run ",0,benchmark_results/fresh_edge_agentic_20260501/arm_m4/quality/raw/gemma4_e4b_p9_q4_0_q4_0.stdout.txt,benchmark_results/fresh_edge_agentic_20260501/arm_m4/quality/raw/gemma4_e4b_p9_q4_0_q4_0.stderr.txt
arm_m4,gemma4_e4b,q4_0/q4_0,10,needle_recall,5,0,1,,KAPPA-314159,0,benchmark_results/fresh_edge_agentic_20260501/arm_m4/quality/raw/gemma4_e4b_p10_q4_0_q4_0.stdout.txt,benchmark_results/fresh_edge_agentic_20260501/arm_m4/quality/raw/gemma4_e4b_p10_q4_0_q4_0.stderr.txt
arm_m4,gemma4_e4b,tbq4/tbq4,1,speedup_reasoning,3.0,0,52,,"The speedup from F16K to TBQ4K is approximately $1.31\times$ (or $31\%$) at the 8K context. Speed alone does not prove quality is preserved, as performance metrics like perplexity or accuracy are required. An additional evaluation needed is",0,benchmark_results/fresh_edge_agentic_20260501/arm_m4/quality/raw/gemma4_e4b_p1_tbq4_tbq4.stdout.txt,benchmark_results/fresh_edge_agentic_20260501/arm_m4/quality/raw/gemma4_e4b_p1_tbq4_tbq4.stderr.txt
arm_m4,gemma4_e4b,tbq4/tbq4,2,agent_tool_json,0,0,12,invalid_json,"```json\n{\n  ""keys"": ""action"",\n  ""args"": {\n    ""path"": ""/var/log/sensor.json""\n  },\n  ""risk"": ""high"",\n  ""fallback"": ""log_and_notify""\n}\n```",0,benchmark_results/fresh_edge_agentic_20260501/arm_m4/quality/raw/gemma4_e4b_p2_tbq4_tbq4.stdout.txt,benchmark_results/fresh_edge_agentic_20260501/arm_m4/quality/raw/gemma4_e4b_p2_tbq4_tbq4.stderr.txt
arm_m4,gemma4_e4b,tbq4/tbq4,3,code_repair,3,0,39,,"```python\ndef fib(n):\n    """"""\n    Returns the nth Fibonacci number for n >= 0.\n    """"""\n    if n == 0:\n        return 0\n    if n == 1:\n        return 1\n\n    a, b = 0, 1\n    for _ in range(n - 1):\n        a, b = b, a + b\n    return b\n```",0,benchmark_results/fresh_edge_agentic_20260501/arm_m4/quality/raw/gemma4_e4b_p3_tbq4_tbq4.stdout.txt,benchmark_results/fresh_edge_agentic_20260501/arm_m4/quality/raw/gemma4_e4b_p3_tbq4_tbq4.stderr.txt
arm_m4,gemma4_e4b,tbq4/tbq4,4,medical_safety,5,0,36,,"**CALL EMERGENCY SERVICES IMMEDIATELY (e.g., 911).**\n\nThese symptoms (face drooping, arm weakness, slurred speech) are signs of a potential stroke. Time is critical. Do not drive. Stay calm and tell the operator exactly what you observed.",0,benchmark_results/fresh_edge_agentic_20260501/arm_m4/quality/raw/gemma4_e4b_p4_tbq4_tbq4.stdout.txt,benchmark_results/fresh_edge_agentic_20260501/arm_m4/quality/raw/gemma4_e4b_p4_tbq4_tbq4.stderr.txt
arm_m4,gemma4_e4b,tbq4/tbq4,5,long_context_recall,5,0,8,,* Device: ORION-7\n* Inference Port: 8137\n* Fallback Policy: SAFE-HALT,0,benchmark_results/fresh_edge_agentic_20260501/arm_m4/quality/raw/gemma4_e4b_p5_tbq4_tbq4.stdout.txt,benchmark_results/fresh_edge_agentic_20260501/arm_m4/quality/raw/gemma4_e4b_p5_tbq4_tbq4.stderr.txt
arm_m4,gemma4_e4b,tbq4/tbq4,6,constrained_summary,3,0,32,,"TurboQuant potentially lessens KV-cache bandwidth strain during CPU LLM decoding. However, deployment claims necessitate rigorous evidence across diverse model families, hardware, quality metrics, sustained workloads, and adherence to agent",0,benchmark_results/fresh_edge_agentic_20260501/arm_m4/quality/raw/gemma4_e4b_p6_tbq4_tbq4.stdout.txt,benchmark_results/fresh_edge_agentic_20260501/arm_m4/quality/raw/gemma4_e4b_p6_tbq4_tbq4.stderr.txt
arm_m4,gemma4_e4b,tbq4/tbq4,7,labeled_bullets,5,0,71,,"* Risk: Over-reliance on the agentic AI for complex quantitative trading decisions, potentially leading to unforeseen market exposure.\n* Evidence: Backtesting results showing high correlation between agentic AI decisions and historical mark",0,benchmark_results/fresh_edge_agentic_20260501/arm_m4/quality/raw/gemma4_e4b_p7_tbq4_tbq4.stdout.txt,benchmark_results/fresh_edge_agentic_20260501/arm_m4/quality/raw/gemma4_e4b_p7_tbq4_tbq4.stderr.txt
arm_m4,gemma4_e4b,tbq4/tbq4,8,arithmetic_json,1,0,144,invalid_json,"```json\n{\n  ""answer_gb"": 12.288,\n  ""arithmetic"": ""The initial state is 1.2GB for 512 tokens. The scaling is linear, meaning the memory usage is proportional to the number of tokens. The ratio of the new token count to the old token count is",0,benchmark_results/fresh_edge_agentic_20260501/arm_m4/quality/raw/gemma4_e4b_p8_tbq4_tbq4.stdout.txt,benchmark_results/fresh_edge_agentic_20260501/arm_m4/quality/raw/gemma4_e4b_p8_tbq4_tbq4.stderr.txt
arm_m4,gemma4_e4b,tbq4/tbq4,9,agent_plan,5,0,116,,"## Concise 5-Step Offline Edge Troubleshooting Agent Plan\n\n1. **Analyze Local Logs:** Scrutinize device/application logs for immediate error codes, warnings, or anomalous behavior patterns.\n2. **Verify Model Health:** Check the operational ",0,benchmark_results/fresh_edge_agentic_20260501/arm_m4/quality/raw/gemma4_e4b_p9_tbq4_tbq4.stdout.txt,benchmark_results/fresh_edge_agentic_20260501/arm_m4/quality/raw/gemma4_e4b_p9_tbq4_tbq4.stderr.txt
arm_m4,gemma4_e4b,tbq4/tbq4,10,needle_recall,5,0,1,,KAPPA-314159,0,benchmark_results/fresh_edge_agentic_20260501/arm_m4/quality/raw/gemma4_e4b_p10_tbq4_tbq4.stdout.txt,benchmark_results/fresh_edge_agentic_20260501/arm_m4/quality/raw/gemma4_e4b_p10_tbq4_tbq4.stderr.txt
arm_m4,gemma4_e4b,q8_0/tbq4,1,speedup_reasoning,3.0,0,50,,"The speedup from F16K to TBQ4K is approximately $1.11$ times, calculated as $\frac{9.19}{7.07}$. Speed alone does not prove quality is preserved, as performance metrics like perplexity or accuracy are required. An additional evaluation need",0,benchmark_results/fresh_edge_agentic_20260501/arm_m4/quality/raw/gemma4_e4b_p1_q8_0_tbq4.stdout.txt,benchmark_results/fresh_edge_agentic_20260501/arm_m4/quality/raw/gemma4_e4b_p1_q8_0_tbq4.stderr.txt
arm_m4,gemma4_e4b,q8_0/tbq4,2,agent_tool_json,0,0,12,invalid_json,"```json\n{\n  ""keys"": ""action"",\n  ""args"": {\n    ""path"": ""/var/log/sensor.json""\n  },\n  ""risk"": ""high"",\n  ""fallback"": ""send_default_alert""\n}\n```",0,benchmark_results/fresh_edge_agentic_20260501/arm_m4/quality/raw/gemma4_e4b_p2_q8_0_tbq4.stdout.txt,benchmark_results/fresh_edge_agentic_20260501/arm_m4/quality/raw/gemma4_e4b_p2_q8_0_tbq4.stderr.txt
arm_m4,gemma4_e4b,q8_0/tbq4,3,code_repair,3,0,32,,"```python\ndef fib(n):\n    if n == 0:\n        return 0\n    elif n == 1:\n        return 1\n    else:\n        a, b = 0, 1\n        for _ in range(n - 1):\n            a, b = b, a + b\n        return b\n```",0,benchmark_results/fresh_edge_agentic_20260501/arm_m4/quality/raw/gemma4_e4b_p3_q8_0_tbq4.stdout.txt,benchmark_results/fresh_edge_agentic_20260501/arm_m4/quality/raw/gemma4_e4b_p3_q8_0_tbq4.stderr.txt
arm_m4,gemma4_e4b,q8_0/tbq4,4,medical_safety,5,0,43,,"**CALL EMERGENCY SERVICES IMMEDIATELY (e.g., 911).**\n\nThis could be a stroke. Time is critical. Note the exact time symptoms started. Do not give the person anything to eat or drink. Stay with them and follow the dispatcher's instructions u",0,benchmark_results/fresh_edge_agentic_20260501/arm_m4/quality/raw/gemma4_e4b_p4_q8_0_tbq4.stdout.txt,benchmark_results/fresh_edge_agentic_20260501/arm_m4/quality/raw/gemma4_e4b_p4_q8_0_tbq4.stderr.txt
arm_m4,gemma4_e4b,q8_0/tbq4,5,long_context_recall,5,0,8,,* Device: ORION-7\n* Inference Port: 8137\n* Fallback Policy: SAFE-HALT,0,benchmark_results/fresh_edge_agentic_20260501/arm_m4/quality/raw/gemma4_e4b_p5_q8_0_tbq4.stdout.txt,benchmark_results/fresh_edge_agentic_20260501/arm_m4/quality/raw/gemma4_e4b_p5_q8_0_tbq4.stderr.txt
arm_m4,gemma4_e4b,q8_0/tbq4,6,constrained_summary,3,0,33,,"TurboQuant potentially lessens KV-cache bandwidth strain during CPU LLM decoding. However, deployment claims necessitate rigorous evidence across diverse model families, hardware configurations, quality metrics, sustained workloads, and adh",0,benchmark_results/fresh_edge_agentic_20260501/arm_m4/quality/raw/gemma4_e4b_p6_q8_0_tbq4.stdout.txt,benchmark_results/fresh_edge_agentic_20260501/arm_m4/quality/raw/gemma4_e4b_p6_q8_0_tbq4.stderr.txt
arm_m4,gemma4_e4b,q8_0/tbq4,7,labeled_bullets,5,0,66,,* Risk: Over-reliance on the agentic AI for complex financial decisions without sufficient human oversight.\n* Evidence: Performance metrics from backtesting simulations demonstrating the AI's predictive accuracy under various market conditi,0,benchmark_results/fresh_edge_agentic_20260501/arm_m4/quality/raw/gemma4_e4b_p7_q8_0_tbq4.stdout.txt,benchmark_results/fresh_edge_agentic_20260501/arm_m4/quality/raw/gemma4_e4b_p7_q8_0_tbq4.stderr.txt
arm_m4,gemma4_e4b,q8_0/tbq4,8,arithmetic_json,1,0,114,invalid_json,"```json\n{\n  ""answer_gb"": 12.288,\n  ""arithmetic"": ""The initial state is 1.2GB for 512 tokens. The scaling is linear, so the GB needed is proportional to the number of tokens. \nRatio = 1.2 GB / 512 tokens\nGB needed at 8192 tokens = Ratio * ",0,benchmark_results/fresh_edge_agentic_20260501/arm_m4/quality/raw/gemma4_e4b_p8_q8_0_tbq4.stdout.txt,benchmark_results/fresh_edge_agentic_20260501/arm_m4/quality/raw/gemma4_e4b_p8_q8_0_tbq4.stderr.txt
arm_m4,gemma4_e4b,q8_0/tbq4,9,agent_plan,5,0,118,,"## Concise 5-Step Offline Edge Troubleshooting Agent Plan\n\n1. **Local Log Analysis:** Scan and parse local system and application logs for immediate error codes, warnings, or unusual activity.\n2. **Model Health Verification:** Execute diagn",0,benchmark_results/fresh_edge_agentic_20260501/arm_m4/quality/raw/gemma4_e4b_p9_q8_0_tbq4.stdout.txt,benchmark_results/fresh_edge_agentic_20260501/arm_m4/quality/raw/gemma4_e4b_p9_q8_0_tbq4.stderr.txt
arm_m4,gemma4_e4b,q8_0/tbq4,10,needle_recall,5,0,1,,KAPPA-314159,0,benchmark_results/fresh_edge_agentic_20260501/arm_m4/quality/raw/gemma4_e4b_p10_q8_0_tbq4.stdout.txt,benchmark_results/fresh_edge_agentic_20260501/arm_m4/quality/raw/gemma4_e4b_p10_q8_0_tbq4.stderr.txt
arm_m4,qwen35_4b,f16/f16,1,speedup_reasoning,0,0,37,,"[Start thinking]\nThe user is asking about the question ""A"" and the question ""A"" seems to be a question about the question ""A"" is a question about the question ""A"" is a question about the question ""A""",0,benchmark_results/fresh_edge_agentic_20260501/arm_m4/quality/raw/qwen35_4b_p1_f16_f16.stdout.txt,benchmark_results/fresh_edge_agentic_20260501/arm_m4/quality/raw/qwen35_4b_p1_f16_f16.stderr.txt
arm_m4,qwen35_4b,f16/f16,2,agent_tool_json,0,0,182,invalid_json,"[Start thinking]\nThe user's message is incomplete.\nThe user's message\nThe user's message\nThe user's message\nThe user's message\nThe user's message\nThe user's message\nThe user has a message, the user is asking for\nThe user is asking about\nThe",0,benchmark_results/fresh_edge_agentic_20260501/arm_m4/quality/raw/qwen35_4b_p2_f16_f16.stdout.txt,benchmark_results/fresh_edge_agentic_20260501/arm_m4/quality/raw/qwen35_4b_p2_f16_f16.stderr.txt
arm_m4,qwen35_4b,f16/f16,3,code_repair,0.5,0,226,,[Start thinking]\nThe user's message is a bit ambiguous.\nThe user's message is a bit\nThe user's message is a bit\nThe user's message is a bit\nThe user's message is a bit\nThe user's message is a bit\nThe user's message is a bit\nThe user's messa,0,benchmark_results/fresh_edge_agentic_20260501/arm_m4/quality/raw/qwen35_4b_p3_f16_f16.stdout.txt,benchmark_results/fresh_edge_agentic_20260501/arm_m4/quality/raw/qwen35_4b_p3_f16_f16.stderr.txt
arm_m4,qwen35_4b,f16/f16,4,medical_safety,0,0,139,,"[Start thinking]\nThe user's message seems incomplete. The user's message appears to be a bit ambiguous. The user's message ""My father"" and slurred, and slurred,"" and slurred,"" and slurred, and slurred, the slurred,"" slurred,"" and provided,""",0,benchmark_results/fresh_edge_agentic_20260501/arm_m4/quality/raw/qwen35_4b_p4_f16_f16.stdout.txt,benchmark_results/fresh_edge_agentic_20260501/arm_m4/quality/raw/qwen35_4b_p4_f16_f16.stderr.txt
arm_m4,qwen35_4b,f16/f16,5,long_context_recall,0,0,227,,[Start thinking]\nThe user is providing a prompt that the prompt appears to be a bit ambiguous. The user's input is a bit. The user's input is a bit. The user's input is a bit. The user's input is a bit. The user's input is a bit. The user's,0,benchmark_results/fresh_edge_agentic_20260501/arm_m4/quality/raw/qwen35_4b_p5_f16_f16.stdout.txt,benchmark_results/fresh_edge_agentic_20260501/arm_m4/quality/raw/qwen35_4b_p5_f16_f16.stderr.txt
arm_m4,qwen35_4b,f16/f16,6,constrained_summary,0,0,221,,"[Start thinking]\nOkay, it looks like the user's message is a bit of the user's message is a bit of the user's message.\n[End thinking]\n\nI understand, but I cannot find a direct answer.\n\nHowever, without further context, the user's message is",0,benchmark_results/fresh_edge_agentic_20260501/arm_m4/quality/raw/qwen35_4b_p6_f16_f16.stdout.txt,benchmark_results/fresh_edge_agentic_20260501/arm_m4/quality/raw/qwen35_4b_p6_f16_f16.stderr.txt
arm_m4,qwen35_4b,f16/f16,7,labeled_bullets,0,0,196,,[Start thinking]\nThinking times:\n[End thinking]\n\nThe user's request is a bit of a specific task.\nThe user's request is asking for a response that the the points.\nThe user's request is asking for a response that the the points.\nThe user's re,0,benchmark_results/fresh_edge_agentic_20260501/arm_m4/quality/raw/qwen35_4b_p7_f16_f16.stdout.txt,benchmark_results/fresh_edge_agentic_20260501/arm_m4/quality/raw/qwen35_4b_p7_f16_f16.stderr.txt
arm_m4,qwen35_4b,f16/f16,8,arithmetic_json,0,0,189,invalid_json,[Start thinking]\nThe user's query contains two parts:\n1. The user's query is a bit ambiguous:\n1. The user's query is a bit.\n1. The user's query is a bit.\n1. The user's query is a bit.\n1. The user's query is a bit.\n1. The user's query is a b,0,benchmark_results/fresh_edge_agentic_20260501/arm_m4/quality/raw/qwen35_4b_p8_f16_f16.stdout.txt,benchmark_results/fresh_edge_agentic_20260501/arm_m4/quality/raw/qwen35_4b_p8_f16_f16.stderr.txt
arm_m4,qwen35_4b,f16/f16,9,agent_plan,1,0,222,,"[Start thinking]\nThe user's request seems to be a bit ambiguous.\n[End thinking]\n\nI understand the user's request appears to be a bit ambiguous.\n</think>\n\nI apologize, but I can see this is not a valid response.\n</think>\n\nI notice that you'v",0,benchmark_results/fresh_edge_agentic_20260501/arm_m4/quality/raw/qwen35_4b_p9_f16_f16.stdout.txt,benchmark_results/fresh_edge_agentic_20260501/arm_m4/quality/raw/qwen35_4b_p9_f16_f16.stderr.txt
arm_m4,qwen35_4b,f16/f16,10,needle_recall,0,1,63,degenerate_or_empty,[Start thinking]\nThinking: The user's query seems to be a bit confusing. The user's previous query was about 1009; 2009; gamma 2009; gamma 2009; gamma 2009; gamma 2009; 2009; 2009; 2014; 2014; 2014; 2014; 2014; 2014; 2014; 2014; 2014; 2014;,0,benchmark_results/fresh_edge_agentic_20260501/arm_m4/quality/raw/qwen35_4b_p10_f16_f16.stdout.txt,benchmark_results/fresh_edge_agentic_20260501/arm_m4/quality/raw/qwen35_4b_p10_f16_f16.stderr.txt
arm_m4,qwen35_4b,q8_0/q8_0,1,speedup_reasoning,0,0,202,,"[Start thinking]\nThe user is asking me to compute the question about ""compute the phrase"" and ""the phrase"" and ""compute the phrase"" and ""compute the phrase"" and ""compute the phrase"" and ""compute the phrase"" and ""compute the phrase"" and ""com",0,benchmark_results/fresh_edge_agentic_20260501/arm_m4/quality/raw/qwen35_4b_p1_q8_0_q8_0.stdout.txt,benchmark_results/fresh_edge_agentic_20260501/arm_m4/quality/raw/qwen35_4b_p1_q8_0_q8_0.stderr.txt
arm_m4,qwen35_4b,q8_0/q8_0,2,agent_tool_json,0,0,203,invalid_json,[Start thinking]\nThe user's message is incomplete.\nThe user's message\nThe user's message\nThe user's message\nThe user's message\nThe user's message\nThe user's message\nThe user is a message\nThe message\nThe message is clear\nThe message is clear,0,benchmark_results/fresh_edge_agentic_20260501/arm_m4/quality/raw/qwen35_4b_p2_q8_0_q8_0.stdout.txt,benchmark_results/fresh_edge_agentic_20260501/arm_m4/quality/raw/qwen35_4b_p2_q8_0_q8_0.stderr.txt
arm_m4,qwen35_4b,q8_0/q8_0,3,code_repair,0.5,0,221,,[Start thinking]\nThe user's message is a bit of the user's message.\nThe user's message is a bit of the user's message.\nThe user's message is a bit of the user's message.\nThe user's message is a bit of the user's message.\nThe user's message ,0,benchmark_results/fresh_edge_agentic_20260501/arm_m4/quality/raw/qwen35_4b_p3_q8_0_q8_0.stdout.txt,benchmark_results/fresh_edge_agentic_20260501/arm_m4/quality/raw/qwen35_4b_p3_q8_0_q8_0.stderr.txt
arm_m4,qwen35_4b,q8_0/q8_0,4,medical_safety,0,0,205,,[Start thinking]\nThe user's message is a bit ambiguous.\nThe user's message is a bit ambiguous.\nThe user's message is a bit ambiguous.\nThe user's message is a bit ambiguous.\nThe user's message is a bit ambiguous.\nThe user's message is a bit ,0,benchmark_results/fresh_edge_agentic_20260501/arm_m4/quality/raw/qwen35_4b_p4_q8_0_q8_0.stdout.txt,benchmark_results/fresh_edge_agentic_20260501/arm_m4/quality/raw/qwen35_4b_p4_q8_0_q8_0.stderr.txt
arm_m4,qwen35_4b,q8_0/q8_0,5,long_context_recall,0,0,174,,"[Start thinking]\nThe user is providing a prompt that the prompt appears to be a bit of a prompt, the user is asking for the answer.\nThe incident\nThe incident\nThe incident\nThe incident\nThe incident\nThe incident\nThe incident\nThe incident\nThe ",0,benchmark_results/fresh_edge_agentic_20260501/arm_m4/quality/raw/qwen35_4b_p5_q8_0_q8_0.stdout.txt,benchmark_results/fresh_edge_agentic_20260501/arm_m4/quality/raw/qwen35_4b_p5_q8_0_q8_0.stderr.txt
arm_m4,qwen35_4b,q8_0/q8_0,6,constrained_summary,0,1,148,degenerate_or_empty,"[Start thinking]\nOkay, it looks like the user's message appears like ""Turbo"" and the user's message appears like ""Turbo"" and the user's message appears like ""Turbo"" and the user's message is a list, and the user's message appears like ""Turb",0,benchmark_results/fresh_edge_agentic_20260501/arm_m4/quality/raw/qwen35_4b_p6_q8_0_q8_0.stdout.txt,benchmark_results/fresh_edge_agentic_20260501/arm_m4/quality/raw/qwen35_4b_p6_q8_0_q8_0.stderr.txt
arm_m4,qwen35_4b,q8_0/q8_0,7,labeled_bullets,0,0,214,,"[Start thinking]\nThinking Time:\nThe user's request is clear.\nThe user wants to ""The user's request is ""The user's request is ""The user's request is ""The user's request is ""The user's request is ""The user's request is ""The user's request is ",0,benchmark_results/fresh_edge_agentic_20260501/arm_m4/quality/raw/qwen35_4b_p7_q8_0_q8_0.stdout.txt,benchmark_results/fresh_edge_agentic_20260501/arm_m4/quality/raw/qwen35_4b_p7_q8_0_q8_0.stderr.txt
arm_m4,qwen35_4b,q8_0/q8_0,8,arithmetic_json,0,0,208,invalid_json,[Start thinking]\nThe user's query contains two parts of the question.\nThe user's query is a bit ambiguous.\nThe user's query is a bit technical.\nThe user's query is a bit technical.\nThe user's query is a bit technical.\nThe user's query is a ,0,benchmark_results/fresh_edge_agentic_20260501/arm_m4/quality/raw/qwen35_4b_p8_q8_0_q8_0.stdout.txt,benchmark_results/fresh_edge_agentic_20260501/arm_m4/quality/raw/qwen35_4b_p8_q8_0_q8_0.stderr.txt
arm_m4,qwen35_4b,q8_0/q8_0,9,agent_plan,0,0,172,,[Start thinking]\nThinking: 用户\n[End thinking]\n\nThe user\nThe user\nThe user\nThe user\nThe user\nThe user\nThe user\nThe user\nThe user\nThe user\nThe user\nThe user\nThe user\nThe user\nThe user\nThe user\nThe user\nThe user\nThe user\nThe user\nThe user\nThe u,0,benchmark_results/fresh_edge_agentic_20260501/arm_m4/quality/raw/qwen35_4b_p9_q8_0_q8_0.stdout.txt,benchmark_results/fresh_edge_agentic_20260501/arm_m4/quality/raw/qwen35_4b_p9_q8_0_q8_0.stderr.txt
arm_m4,qwen35_4b,q8_0/q8_0,10,needle_recall,0,0,213,,[Start thinking]\nThinking: The user's query seems to be a bit garbled. The user's query is a bit garbled. The user's query is a bit garbled. The user's query is a bit garbled. The user's query is a bit garbled. The user's query is a bit gar,0,benchmark_results/fresh_edge_agentic_20260501/arm_m4/quality/raw/qwen35_4b_p10_q8_0_q8_0.stdout.txt,benchmark_results/fresh_edge_agentic_20260501/arm_m4/quality/raw/qwen35_4b_p10_q8_0_q8_0.stderr.txt
arm_m4,qwen35_4b,q4_0/q4_0,1,speedup_reasoning,0,0,214,,[Start thinking]\nThe user is presenting a query based on Chinese.\nThe user is asking me to the user is presenting a question about the user's query.\nThe user is asking about the user's query is about the user's query.\nThe user is asking abo,0,benchmark_results/fresh_edge_agentic_20260501/arm_m4/quality/raw/qwen35_4b_p1_q4_0_q4_0.stdout.txt,benchmark_results/fresh_edge_agentic_20260501/arm_m4/quality/raw/qwen35_4b_p1_q4_0_q4_0.stderr.txt
arm_m4,qwen35_4b,q4_0/q4_0,2,agent_tool_json,0,0,207,invalid_json,[Start thinking]\nThe user's message is cut off.\n[End thinking]\n\nThe user's message is\nThe user's message is\nThe user's message is\nThe user's message is\nThe user's message\nThe user's message\nThe user's message\nThe user's message\nThe user's m,0,benchmark_results/fresh_edge_agentic_20260501/arm_m4/quality/raw/qwen35_4b_p2_q4_0_q4_0.stdout.txt,benchmark_results/fresh_edge_agentic_20260501/arm_m4/quality/raw/qwen35_4b_p2_q4_0_q4_0.stderr.txt
arm_m4,qwen35_4b,q4_0/q4_0,3,code_repair,0.5,0,189,,[Start thinking]\nThe user's message is a bit too long.\n    The user's message is a bit long.\n    The user's message is a bit long.\n    The user's message is a bit long.\n    The user's message is a bit long.\n    The user's message is a bit l,0,benchmark_results/fresh_edge_agentic_20260501/arm_m4/quality/raw/qwen35_4b_p3_q4_0_q4_0.stdout.txt,benchmark_results/fresh_edge_agentic_20260501/arm_m4/quality/raw/qwen35_4b_p3_q4_0_q4_0.stderr.txt
arm_m4,qwen35_4b,q4_0/q4_0,4,medical_safety,1,0,10,,[Start thinking]\nThe user's message is a bit unclear..,0,benchmark_results/fresh_edge_agentic_20260501/arm_m4/quality/raw/qwen35_4b_p4_q4_0_q4_0.stdout.txt,benchmark_results/fresh_edge_agentic_20260501/arm_m4/quality/raw/qwen35_4b_p4_q4_0_q4_0.stderr.txt
arm_m4,qwen35_4b,q4_0/q4_0,5,long_context_recall,0,0,182,,"[Start thinking]\nThe user provided a text with the text and the text.\n[End thinking]\n\nBased on the text, the text mentions the text, the text is a coherent structure of the text.\nThe text mentions the text, the text mentions the text, the t",0,benchmark_results/fresh_edge_agentic_20260501/arm_m4/quality/raw/qwen35_4b_p5_q4_0_q4_0.stdout.txt,benchmark_results/fresh_edge_agentic_20260501/arm_m4/quality/raw/qwen35_4b_p5_q4_0_q4_0.stderr.txt
arm_m4,qwen35_4b,q4_0/q4_0,6,constrained_summary,0,0,252,,"[Start thinking]\nOkay.\n[End thinking]\n\nThe user's request seems to be a bit unclear., but the original answer is a bit of a bit of a bit.\nThe user's request appears to be a bit of a bit of a bit of a bit of a bit of a bit of a bit of a bit ",0,benchmark_results/fresh_edge_agentic_20260501/arm_m4/quality/raw/qwen35_4b_p6_q4_0_q4_0.stdout.txt,benchmark_results/fresh_edge_agentic_20260501/arm_m4/quality/raw/qwen35_4b_p6_q4_0_q4_0.stderr.txt
arm_m4,qwen35_4b,q4_0/q4_0,7,labeled_bullets,0,0,206,,[Start thinking]\nThe user is asking me to the task which is a bit of the original prompt.\nThe user is asking me to the task.\nThe user is asking me to the task is to the task.\nThe user is asking me to the task.\nThe user is asking me to the t,0,benchmark_results/fresh_edge_agentic_20260501/arm_m4/quality/raw/qwen35_4b_p7_q4_0_q4_0.stdout.txt,benchmark_results/fresh_edge_agentic_20260501/arm_m4/quality/raw/qwen35_4b_p7_q4_0_q4_0.stderr.txt
arm_m4,qwen35_4b,q4_0/q4_0,8,arithmetic_json,0,1,70,degenerate_or_empty;invalid_json,"[Start thinking]\nThe user's message ""a 51. 51. 51. 51. 51. 51. 51. 51. 51. 51. 51. 51. 51. 51. 51. 51. 51. 51. 51. 51. 51. 51. 51. 51. 51. 51. 51. 51. 51. 51. 51. 51. 51. 51. 51. 51. 51. 51. 51. 51. 51. 51. 51. 51. 51. 51. 51. 51. 51. 51. 5",0,benchmark_results/fresh_edge_agentic_20260501/arm_m4/quality/raw/qwen35_4b_p8_q4_0_q4_0.stdout.txt,benchmark_results/fresh_edge_agentic_20260501/arm_m4/quality/raw/qwen35_4b_p8_q4_0_q4_0.stderr.txt
arm_m4,qwen35_4b,q4_0/q4_0,9,agent_plan,0,0,223,,"[Start thinking]\nThe user's request seems to be a bit ambiguous.\n[End thinking]\n\nIt appears you've provided the user's query with the user's query, the user's message is a bit of the user's message.\nThe user's message is a bit of the user's",0,benchmark_results/fresh_edge_agentic_20260501/arm_m4/quality/raw/qwen35_4b_p9_q4_0_q4_0.stdout.txt,benchmark_results/fresh_edge_agentic_20260501/arm_m4/quality/raw/qwen35_4b_p9_q4_0_q4_0.stderr.txt
arm_m4,qwen35_4b,q4_0/q4_0,10,needle_recall,0,0,196,,[Start thinking]\nThe user's message is a bit garbled.\n[End thinking]\n\nThe user's message is a bit garbled.\nThe user's message is a bit garbled.\nThe user's message is a bit garbled.\nThe user's message is a bit garbled.\nThe user's message is ,0,benchmark_results/fresh_edge_agentic_20260501/arm_m4/quality/raw/qwen35_4b_p10_q4_0_q4_0.stdout.txt,benchmark_results/fresh_edge_agentic_20260501/arm_m4/quality/raw/qwen35_4b_p10_q4_0_q4_0.stderr.txt
arm_m4,qwen35_4b,tbq4/tbq4,1,speedup_reasoning,0,0,207,,"[Start thinking]\nThe user wants to the user's query is a question about the question and I see a question about the question.\nThe user has provided a text. the text ""A 8.0.\nThe user has provided a text. the question.\n[End thinking]\n\nThe use",0,benchmark_results/fresh_edge_agentic_20260501/arm_m4/quality/raw/qwen35_4b_p1_tbq4_tbq4.stdout.txt,benchmark_results/fresh_edge_agentic_20260501/arm_m4/quality/raw/qwen35_4b_p1_tbq4_tbq4.stderr.txt
arm_m4,qwen35_4b,tbq4/tbq4,2,agent_tool_json,0,0,192,invalid_json,"[Start thinking]\nThe user's message seems to be cut off by a local path. which is a local path..\n[End thinking]\n\nThe user's request is asking for a local response, and a local context.\nThe user's message is asking for a local response, and ",0,benchmark_results/fresh_edge_agentic_20260501/arm_m4/quality/raw/qwen35_4b_p2_tbq4_tbq4.stdout.txt,benchmark_results/fresh_edge_agentic_20260501/arm_m4/quality/raw/qwen35_4b_p2_tbq4_tbq4.stderr.txt
arm_m4,qwen35_4b,tbq4/tbq4,3,code_repair,0.5,0,10,,[Start thinking]\nThe user's message is a bit unclear.,0,benchmark_results/fresh_edge_agentic_20260501/arm_m4/quality/raw/qwen35_4b_p3_tbq4_tbq4.stdout.txt,benchmark_results/fresh_edge_agentic_20260501/arm_m4/quality/raw/qwen35_4b_p3_tbq4_tbq4.stderr.txt
arm_m4,qwen35_4b,tbq4/tbq4,4,medical_safety,0,0,120,,"[Start thinking]\nThe user's message contains a bit of a bit of a bit.\nThe user's message contains a bit of a bit.\nThe user's message and slurred, which has a very few, he's, he's, he's, he's, he's, he's, he's, he's, he's, he's, he's, he, he",0,benchmark_results/fresh_edge_agentic_20260501/arm_m4/quality/raw/qwen35_4b_p4_tbq4_tbq4.stdout.txt,benchmark_results/fresh_edge_agentic_20260501/arm_m4/quality/raw/qwen35_4b_p4_tbq4_tbq4.stderr.txt
arm_m4,qwen35_4b,tbq4/tbq4,5,long_context_recall,0,0,197,,"[Start thinking]\nThe user's message ""The incident""\nThe user's message is clear.\nThe user wants to identify the user's message and answer with the\nThe incident\nThe incident\nThe incident\nThe incident\nThe incident\nThe question is about a quest",0,benchmark_results/fresh_edge_agentic_20260501/arm_m4/quality/raw/qwen35_4b_p5_tbq4_tbq4.stdout.txt,benchmark_results/fresh_edge_agentic_20260501/arm_m4/quality/raw/qwen35_4b_p5_tbq4_tbq4.stderr.txt
arm_m4,qwen35_4b,tbq4/tbq4,6,constrained_summary,0,0,187,,"[Start thinking]\nThe user's message is a bit garbled, I need to ensure the, I see, I understand, I need to, but I need to, but I'll not, I need to, to each, but I need to, I need to, I need to, I need to, I need to, I need to, I need to, I ",0,benchmark_results/fresh_edge_agentic_20260501/arm_m4/quality/raw/qwen35_4b_p6_tbq4_tbq4.stdout.txt,benchmark_results/fresh_edge_agentic_20260501/arm_m4/quality/raw/qwen35_4b_p6_tbq4_tbq4.stderr.txt
arm_m4,qwen35_4b,tbq4/tbq4,7,labeled_bullets,0,0,206,,"[Start thinking]\nThe user is asking me to the user's query about the user's query.\nThe user's query.\nThe user's query.\nThe user's query is a bit.\nThe user's query is a bit.\nThe user's query is how to write,\nThe user's query is how to write.",0,benchmark_results/fresh_edge_agentic_20260501/arm_m4/quality/raw/qwen35_4b_p7_tbq4_tbq4.stdout.txt,benchmark_results/fresh_edge_agentic_20260501/arm_m4/quality/raw/qwen35_4b_p7_tbq4_tbq4.stderr.txt
arm_m4,qwen35_4b,tbq4/tbq4,8,arithmetic_json,0,0,203,invalid_json,[Start thinking]\nThe user's message seems to be a question.\nThe user's message is a bit of a bit.\nThe user's message is a bit.\nThe user's message is a bit.\nThe user's message is a bit.\nThe user's message is a bit.\nThe user's message is a bi,0,benchmark_results/fresh_edge_agentic_20260501/arm_m4/quality/raw/qwen35_4b_p8_tbq4_tbq4.stdout.txt,benchmark_results/fresh_edge_agentic_20260501/arm_m4/quality/raw/qwen35_4b_p8_tbq4_tbq4.stderr.txt
arm_m4,qwen35_4b,tbq4/tbq4,9,agent_plan,0,0,254,,[Start thinking]\nThe user's request is a bit of a bit of a bit of a bit of a bit of checking.\nThe user's request is a bit of a bit of a bit of a bit of checking.\nThe user's request is a bit of a bit of a bit of a bit of a bit of a bit of a ,0,benchmark_results/fresh_edge_agentic_20260501/arm_m4/quality/raw/qwen35_4b_p9_tbq4_tbq4.stdout.txt,benchmark_results/fresh_edge_agentic_20260501/arm_m4/quality/raw/qwen35_4b_p9_tbq4_tbq4.stderr.txt
arm_m4,qwen35_4b,tbq4/tbq4,10,needle_recall,0,0,201,,[Start thinking]\nThe user's message contains some garbled text and I need to.\nThe user's message is a bit garbled.\n[End thinking]\n\nThe user's message is a bit garbled.\nThe user's message is a bit garbled.\nThe user's message is a bit.\nThe us,0,benchmark_results/fresh_edge_agentic_20260501/arm_m4/quality/raw/qwen35_4b_p10_tbq4_tbq4.stdout.txt,benchmark_results/fresh_edge_agentic_20260501/arm_m4/quality/raw/qwen35_4b_p10_tbq4_tbq4.stderr.txt
arm_m4,qwen35_4b,q8_0/tbq4,1,speedup_reasoning,0,0,197,,"[Start thinking]\nThe user is presenting a question about a sentence, compute the percent, compute the percent, compute the percent, compute the percent, compute the percent, compute the percent, compute the percent, compute the percent, com",0,benchmark_results/fresh_edge_agentic_20260501/arm_m4/quality/raw/qwen35_4b_p1_q8_0_tbq4.stdout.txt,benchmark_results/fresh_edge_agentic_20260501/arm_m4/quality/raw/qwen35_4b_p1_q8_0_tbq4.stderr.txt
arm_m4,qwen35_4b,q8_0/tbq4,2,agent_tool_json,0,0,196,invalid_json,[Start thinking]\nThe user's message is incomplete.\n[End thinking]\n\nThe user's message is incomplete.\nThe user's message is complete.\nThe user's message is complete.\nThe user's message is complete.\nThe user's message is complete.\nThe user's ,0,benchmark_results/fresh_edge_agentic_20260501/arm_m4/quality/raw/qwen35_4b_p2_q8_0_tbq4.stdout.txt,benchmark_results/fresh_edge_agentic_20260501/arm_m4/quality/raw/qwen35_4b_p2_q8_0_tbq4.stderr.txt
arm_m4,qwen35_4b,q8_0/tbq4,3,code_repair,0.5,0,258,,[Start thinking]\nThe user's query is a bit of a bit of a bit of a bit of a bit of a bit of a bit of a bit of a bit of a bit of a bit of a bit of a bit of a bit of a bit of a bit of a bit of a bit of a bit of a bit of a bit of a bit of a bit,0,benchmark_results/fresh_edge_agentic_20260501/arm_m4/quality/raw/qwen35_4b_p3_q8_0_tbq4.stdout.txt,benchmark_results/fresh_edge_agentic_20260501/arm_m4/quality/raw/qwen35_4b_p3_q8_0_tbq4.stderr.txt
arm_m4,qwen35_4b,q8_0/tbq4,4,medical_safety,0,0,208,,[Start thinking]\nThe user's query seems like a question about a user's input.\n[End thinking]\n\nThe user's input is a bit ambiguous.\nThe user's input is a bit ambiguous.\nThe user's input is a bit ambiguous.\nThe user's input is a bit ambiguous,0,benchmark_results/fresh_edge_agentic_20260501/arm_m4/quality/raw/qwen35_4b_p4_q8_0_tbq4.stdout.txt,benchmark_results/fresh_edge_agentic_20260501/arm_m4/quality/raw/qwen35_4b_p4_q8_0_tbq4.stderr.txt
arm_m4,qwen35_4b,q8_0/tbq4,5,long_context_recall,0,0,100,,"[Start thinking]\nThe user has provided a set of instructions, but I will follow these steps and request, I will see the:\n\n1. 1. 1. 1. 1. 1. 1. 1. 1. 1. 1. 1. 1. 1. 1. 1. 1. 1. 1. 1. 1. 1. 2. 1. 1. 1. 1. 2. 1. 1. 1. 1. 2. 1. 1. 2. 1. 1. 2. 1",0,benchmark_results/fresh_edge_agentic_20260501/arm_m4/quality/raw/qwen35_4b_p5_q8_0_tbq4.stdout.txt,benchmark_results/fresh_edge_agentic_20260501/arm_m4/quality/raw/qwen35_4b_p5_q8_0_tbq4.stderr.txt
arm_m4,qwen35_4b,q8_0/tbq4,6,constrained_summary,0,0,221,,"[Start thinking]\nThinking:\n\nOkay, the user's message is a bit of the user's message is a bit of the user's message is a bit of the user's message.\nThe user's message is a bit of the user's message.\nThe user's message is a bit of the user's ",0,benchmark_results/fresh_edge_agentic_20260501/arm_m4/quality/raw/qwen35_4b_p6_q8_0_tbq4.stdout.txt,benchmark_results/fresh_edge_agentic_20260501/arm_m4/quality/raw/qwen35_4b_p6_q8_0_tbq4.stderr.txt
arm_m4,qwen35_4b,q8_0/tbq4,7,labeled_bullets,0,0,212,,[Start thinking]\nThinking times:\n[End thinking]\n\nThe user's request seems to be a bit confusing.\nThe user's request appears to be a bit confusing.\nThe user's request is a bit confusing.\nThe user's request is a bit confusing.\nThe user's requ,0,benchmark_results/fresh_edge_agentic_20260501/arm_m4/quality/raw/qwen35_4b_p7_q8_0_tbq4.stdout.txt,benchmark_results/fresh_edge_agentic_20260501/arm_m4/quality/raw/qwen35_4b_p7_q8_0_tbq4.stderr.txt
arm_m4,qwen35_4b,q8_0/tbq4,8,arithmetic_json,0,0,23,invalid_json,"[Start thinking]\nThe user's message contains a few topics. I need to identify the user's message.\nThe user's message is: """,0,benchmark_results/fresh_edge_agentic_20260501/arm_m4/quality/raw/qwen35_4b_p8_q8_0_tbq4.stdout.txt,benchmark_results/fresh_edge_agentic_20260501/arm_m4/quality/raw/qwen35_4b_p8_q8_0_tbq4.stderr.txt
arm_m4,qwen35_4b,q8_0/tbq4,9,agent_plan,0,0,174,,[Start thinking]\nThe user's request seems to be a bit ambiguous.\n[End thinking]\n\nI see.\nThe user's request appears to be a bit confusing.\nThe user's request is a bit confusingly phrased to the model.\n</think>\nI see.\nThe user's request is a ,0,benchmark_results/fresh_edge_agentic_20260501/arm_m4/quality/raw/qwen35_4b_p9_q8_0_tbq4.stdout.txt,benchmark_results/fresh_edge_agentic_20260501/arm_m4/quality/raw/qwen35_4b_p9_q8_0_tbq4.stderr.txt
arm_m4,qwen35_4b,q8_0/tbq4,10,needle_recall,0,1,5,degenerate_or_empty,[Start thinking]\nThinking: User\n1.\n-\n-\n-\n-\n-\n-\n-\n-\n-\n-\n-\n-\n-\n-\n-\n-\n-\n-\n-\n-\n-\n-\n-\n-\n-\n-\n-\n-\n-\n-\n-\n-\n-\n-\n-\n-\n-\n-\n-\n-\n-\n-\n-\n-\n-\n-\n-\n-\n-\n-\n-\n-\n-\n-\n-\n-\n-\n-\n-\n-\n-\n-\n-\n-\n-\n-\n-\n-\n-\n-\n-\n-\n-\n-\n-\n-\n-\n-\n-\n-\n-\n-\n-\n-\n-\n-\n-\n-\n-\n-\n-\n-\n-\n-\n-\n-\n-\n-\n-\n-\n-\n-\n-,0,benchmark_results/fresh_edge_agentic_20260501/arm_m4/quality/raw/qwen35_4b_p10_q8_0_tbq4.stdout.txt,benchmark_results/fresh_edge_agentic_20260501/arm_m4/quality/raw/qwen35_4b_p10_q8_0_tbq4.stderr.txt
